[
    { "url": "../images/galeria/im1.png" },
    { "url": "../images/galeria/im2.png" },
    { "url": "../images/galeria/im3.png" },
    { "url": "../images/galeria/im4.png" },
    { "url": "../images/galeria/im5.png" },
    { "url": "../images/galeria/im6.png" },
    { "url": "../images/galeria/im7.png" },
    { "url": "../images/galeria/im8.png" },
    { "url": "../images/galeria/im9.png" },
    { "url": "../images/galeria/im10.png" },
    { "url": "../images/galeria/im11.png" },
    { "url": "../images/galeria/im12.png" },
    { "url": "../images/galeria/im13.png" },
    { "url": "../images/galeria/im14.png" },
    { "url": "../images/galeria/im15.png" },
    { "url": "../images/galeria/im16.png" },
    { "url": "../images/galeria/im17.png" },
    { "url": "../images/galeria/im18.png" },
    { "url": "../images/galeria/im19.png" },
    { "url": "../images/galeria/im20.png" },
    { "url": "../images/galeria/im21.png" },
    { "url": "../images/galeria/im22.png" },
    { "url": "../images/galeria/im23.png" },
    { "url": "../images/galeria/im26.png" },
    { "url": "../images/galeria/im27.png" },
    { "url": "../images/galeria/im28.png" },
    { "url": "../images/galeria/im29.png" },
    { "url": "../images/galeria/im31.png" },
    { "url": "../images/galeria/im32.png" },
    { "url": "../images/galeria/im33.png" },
    { "url": "../images/galeria/im34.png" },
    { "url": "../images/galeria/im37.png" },
    { "url": "../images/galeria/im38.png" },
    { "url": "../images/galeria/im40.png" },
    { "url": "../images/galeria/im41.png" },
    { "url": "../images/galeria/im43.png" },
    { "url": "../images/galeria/im44.png" },
    { "url": "../images/galeria/im45.png" },
    { "url": "../images/galeria/im46.png" },
    { "url": "../images/galeria/im47.png" },
    { "url": "../images/galeria/im48.png" },
    { "url": "../images/galeria/im49.png" },
    { "url": "../images/galeria/im50.png" }
]